rural,n,alimentos,alimentos_se,alimentos_cv,alimentos_low,alimentos_upp,gasto_mon,gasto_mon_se,gasto_mon_cv,gasto_mon_low,gasto_mon_upp,ing_cor,ing_cor_se,ing_cor_cv,ing_cor_low,ing_cor_upp,n_hogares,n_hogares_se,n_hogares_cv,n_hogares_low,n_hogares_upp
0,12105,6091.98960305157,50.0213009653085,0.00821099578703352,5993.93284868331,6190.04635741984,15375.9221774925,127.525164429962,0.00829382218236217,15125.9346025401,15625.9097524449,24779.8841958617,161.510087009205,0.0065177902258388,24463.2759784777,25096.4924132458,6568116,61382.1254429022,0.00934546914867249,6447788.62184302,6688443.37815698
1,9915,5018.82856259764,71.0264782205738,0.0141520032682312,4879.59536005963,5158.06176513566,13866.7360917952,244.487628557784,0.0176312310942763,13387.4670028886,14346.0051807019,27591.8424820918,437.946593431767,0.015872321455735,26733.3357917452,28450.3491724384,1586146,31664.0668473077,0.0199628955009865,1524074.93097083,1648217.06902917
