ambito,canasta,lpei
Rural,2820.60174523602,1800.55
Urbano,3028.41785540182,2354.65
